Name,Email Address,Nickname,Home Address,Password,Salt,Birthdate,Phone Number,Store ID,Gender,Account Type,Branch
José Clarke,kendrabest760@tridenttreats.bb,ken41,"36 Grazettes Main Road, St. Philip, Barbados",n](l.2edlB,oGMbJmTP,1999-09-14,246-425-8359,1603,Female,Standard,Oistins
Zoë Callender,aliciajordan285@bdsconnect.bb,ali37,"27 Bank Hall, St. Philip, Barbados",lWmTS:Hf~6,Ih7yfJs1,1995-10-28,246-570-4150,1721,Male,Standard,Oistins
Renée Best,omarholder876@bdsconnect.bb,oma22,"72 Country Road, St. Philip, Barbados",6>UuVTA\I`,7RPeMOkI,2001-04-06,246-673-7216,1276,Other,Staff,Six Roads
François Holder,devinjordan864@caribmail.com,dev39,"207 Atlantic Shores, St. Philip, Barbados",OZIiB+|OB@,Fz46PDjq,1963-04-24,246-774-9830,1269,Other,Staff,Wildey
Mårlon Forde,mårlongittens371@bdsconnect.bb,mår27,"127 Two Mile Hill, St. Philip, Barbados",lgot=u^2/i,yyMDHqJ3,1955-11-24,246-317-9797,1768,Female,Staff,Speightstown
Kendra Browne,kendrabrowne446@bdsconnect.bb,ken68,"245 Atlantic Shores, St. Philip, Barbados",}}H#w#n=M>,GMmjxWkI,2004-09-01,246-813-6310,1500,Male,Standard,Speightstown
Omar Hinds,omarhinds60@bdsconnect.bb,oma82,"22 Silver Sands, St. Philip, Barbados",~!i'qq[8)v,qH3MB9n7,1989-12-23,246-405-6107,1408,Other,Staff,Speightstown
Renée Prescod,renéeprescod124@bdsconnect.bb,ren38,"87 Silver Sands, St. Philip, Barbados",c.)D.Caj{=,doe5c3ve,1987-04-09,246-885-8953,1219,Other,Standard,Six Roads
Mårlon Toppin,mårlontoppin249@islandshop.net,mår62,"25 Grazettes Main Road, St. Philip, Barbados",m[3T207~g],PPgdzUvZ,1961-04-07,246-394-9786,1459,Male,Premium,Oistins
Latoya Prescod,user@dom-ain.com,lat66,"26 Two Mile Hill, St. Philip, Barbados",g@(blEv0!9,n3z5dkya,1979-05-26,246-665-5673,1433,Other,Staff,Six Roads
Zoë Callender,zoëcallender195@tridenttreats.bb,zoë37,"149 Atlantic Shores, St. Philip, Barbados",(hOhg-9#&u,d9Gf2leM,1959-11-28,246-440-7615,1122,Other,Standard,Six Roads
Łukasz Clarke,łukaszclarke635@caribmail.com,łuk63,"150 St. Philip, St. Philip, Barbados",+%OHA\|OEH,ziQPtDu7,2003-02-01,246-669-2638,1075,Other,Standard,Six Roads
Latoya Callender,latoyacallender956@tridenttreats.bb,lat18,"95 Grazettes Main Road, St. Philip, Barbados",Ku4({M;@&b,Q0Jt7Qg8,1963-05-04,246-309-3546,1278,Female,Staff,Oistins
Keisha Forde,keishaforde704@tridenttreats.bb,kei74,"65 Bay Street, St. Philip, Barbados",gl>2JfaQq>,qkVCJTBJ,1955-02-03,246-352-9938,1036,Female,Staff,Six Roads
Rashida Harewood,rashidaharewood131@caribmail.com,ras49,"231 Bank Hall, St. Philip, Barbados",fTA^F\nT*0,NVj77p3k,2006-03-14,246-225-3938,1754,Female,Premium,Oistins
Latoya Griffith,latoyagriffith807@caribmail.com,lat58,"220 Atlantic Shores, St. Philip, Barbados",8Cz6SNDCd[,mzvr3e9X,1972-06-21,246-721-7548,1695,Other,Premium,Bridgetown
Kendra Alleyne,user@domain,ken14,"153 Silver Sands, St. Philip, Barbados","3S~O3:$oX,",mqcTBaH7,2006-09-22,246-886-4228,1372,Female,Standard,Speightstown
Łukasz Jordan,łukaszjordan680@caribmail.com,łuk48,"80 Two Mile Hill, St. Philip, Barbados",\0PZ`L)qy1,Q8yRV5lN,1991-05-13,246-761-1006,1311,Female,Standard,Wildey
Mårlon Jordan,mårlonjordan477@islandshop.net,mår66,"55 St. Philip, St. Philip, Barbados",$8v[kK$[><,vf08WpRt,1969-04-05,246-225-1757,1250,Female,Staff,Bridgetown
Renée Harewood,renéeharewood908@bdsconnect.bb,ren99,"127 Country Road, St. Philip, Barbados",ZFs@_an2Cw,Z9SHDdJp,1962-08-05,246-675-9702,1572,Other,Premium,Wildey
Łukasz Harewood,łukaszharewood851@islandshop.net,łuk30,"221 St. George, St. Philip, Barbados",85HF>J%!=E,rCeTsprv,1975-09-03,246-341-3471,1236,Female,Staff,Oistins
Tanya Holder,tanyaholder425@islandshop.net,tan52,"120 Two Mile Hill, St. Philip, Barbados","1hA1X-`c,W",Ea8wtWy2,1981-09-24,246-759-4613,1499,Male,Premium,Wildey
Zoë Best,zoëbest399@tridenttreats.bb,zoë95,"205 St. Philip, St. Philip, Barbados",Z}v7q<'dY.,KQbfPBi3,1984-03-02,246-466-7211,1335,Male,Premium,Speightstown
Keisha Gittens,keishagittens285@islandshop.net,kei42,"121 Silver Sands, St. Philip, Barbados",c(gSC@i@fd,8pm1bNjp,1963-08-22,246-317-4571,1476,Other,Premium,Speightstown
Andre Brathwaite,andrebrathwaite797@bdsconnect.bb,and49,"149 Silver Sands, St. Philip, Barbados","dN,]WY|zj.",S1OpgSXt,1998-10-26,246-323-1672,1355,Other,Premium,Speightstown
Dario Jordan,dariojordan13@islandshop.net,dar72,"111 Silver Sands, St. Philip, Barbados",U>6{t3w~%@,rNZ6IXED,1982-12-19,246-474-6280,1872,Male,Standard,Speightstown
Renée Hinds,renéehinds769@islandshop.net,ren82,"172 Six Roads, St. Philip, Barbados","WRd""Px!BTH",vr4MS4rJ,1955-09-07,246-287-4954,1737,Female,Premium,Six Roads
Devin Toppin,devintoppin662@islandshop.net,dev67,"24 Atlantic Shores, St. Philip, Barbados",LCZ_FN[-V8,JHwBVJvw,1999-08-09,246-513-5118,1236,Male,Staff,Oistins
Keisha Brathwaite,keishabrathwaite761@bdsconnect.bb,kei34,"190 Grazettes Main Road, St. Philip, Barbados",9J}.&/KmyL,oxltaTIi,1972-01-02,246-766-5786,1714,Male,Staff,Wildey
Kendra Best,kendrabest588@tridenttreats.bb,ken70,"113 Bay Street, St. Philip, Barbados",RxgG9oiZ!j,KORdjjZK,1974-02-08,246-321-7818,1620,Other,Staff,Oistins
José Gittens,joségittens462@islandshop.net,jos48,"110 Six Roads, St. Philip, Barbados",N+<h;mA=BH,QfkplJek,1955-07-15,246-808-8699,1298,Male,Standard,Speightstown
Omar Prescod,omarprescod73@bdsconnect.bb,oma43,"151 St. Philip, St. Philip, Barbados",[z2o(C?tIs,edkYtMV0,1991-05-15,246-327-8679,1705,Female,Staff,Wildey
Latoya Toppin,latoyatoppin449@caribmail.com,lat86,"228 Atlantic Shores, St. Philip, Barbados","3P:GdlD],.",8bWR0rKc,2003-03-16,246-731-8245,1938,Female,Standard,Six Roads
Alicia Toppin,aliciatoppin993@caribmail.com,ali70,"105 Bank Hall, St. Philip, Barbados","QP\nuQ0_""K",Q8z0WJcD,1960-06-09,246-531-2899,1993,Female,Staff,Bridgetown
François Prescod,françoisprescod424@caribmail.com,fra34,"93 Two Mile Hill, St. Philip, Barbados","<""=4gAI)qK",C4SFhbOM,2006-04-23,246-362-6091,1564,Male,Staff,Wildey
Dario Hinds,dariohinds862@caribmail.com,dar69,"166 Silver Sands, St. Philip, Barbados","t""|L${I198",pDJjym6M,1987-12-05,246-271-5526,1791,Female,Premium,Six Roads
Latoya Best,latoyabest290@tridenttreats.bb,lat85,"169 Six Roads, St. Philip, Barbados",!t5'9SQ)(W,D7u3mSpK,1979-04-28,246-620-1715,1325,Other,Premium,Wildey
Jamal Callender,jamalcallender508@caribmail.com,jam26,"248 Two Mile Hill, St. Philip, Barbados",.Qm4m&6b}s,A3PjeEYq,1976-10-23,246-607-2315,1872,Female,Staff,Six Roads
Jamal Jordan,jamaljordan642@islandshop.net,jam79,"159 Atlantic Shores, St. Philip, Barbados",iE=^KDl3m>,T3gCkSt5,1956-01-11,246-257-5806,1367,Female,Premium,Oistins
Devin Harewood,devinharewood580@bdsconnect.bb,dev31,"21 Maxwell Hill, St. Philip, Barbados",";W<^E""-sD7",OqDqQa5Z,1984-05-22,246-759-3588,1075,Female,Premium,Six Roads
Omar Harewood,omarharewood707@tridenttreats.bb,oma68,"51 Deacons Road, St. Philip, Barbados","X9nEW,T,L`",sb1QzraK,1998-12-02,246-820-9138,1852,Female,Standard,Six Roads
Malik Hinds,malikhinds652@bdsconnect.bb,mal89,"174 Deacons Road, St. Philip, Barbados",}[^r=m=?fN,YCcLxUif,1973-06-24,246-625-3877,1205,Male,Staff,Speightstown
José Alleyne,joséalleyne851@bdsconnect.bb,jos42,"248 Bay Street, St. Philip, Barbados",LRo7jsC]}],z92ZJxfY,1980-01-09,246-749-3024,1465,Female,Staff,Speightstown
Mårlon Gittens,mårlongittens843@tridenttreats.bb,mår23,"60 St. Philip, St. Philip, Barbados",8d<*P;C?i>,0D6StPAh,1963-01-02,246-511-9071,1118,Male,Standard,Six Roads
Rashida Gittens,rashidagittens465@tridenttreats.bb,ras95,"179 St. George, St. Philip, Barbados",(1.~t1@m!;,A88rcSxn,1983-08-08,246-571-2627,1702,Female,Staff,Speightstown
Shanice Gittens,shanicegittens283@bdsconnect.bb,sha25,"24 Bay Street, St. Philip, Barbados",[B?>/cgQFq,YKne1WJn,1992-04-27,246-438-6383,1792,Male,Staff,Bridgetown
Latoya Callender,latoyacallender134@tridenttreats.bb,lat32,"170 Silver Sands, St. Philip, Barbados",dqbTE.PcwH,diVAHhVe,1985-08-25,246-570-9408,1607,Male,Premium,Six Roads
Devin Clarke,devinclarke745@tridenttreats.bb,dev68,"247 St. Philip, St. Philip, Barbados",dh9Z2^n!|4,e5fuMjei,1972-10-21,246-799-9984,1729,Female,Premium,Six Roads
José Browne,josébrowne465@islandshop.net,jos22,"30 St. George, St. Philip, Barbados",@@)}B35D0R,0DzAUguB,1975-11-09,246-583-3500,1703,Female,Standard,Bridgetown
Dario Holder,darioholder443@caribmail.com,dar57,"143 Maxwell Hill, St. Philip, Barbados",h.**Q\p0T\,8WB36Ud9,1973-10-10,246-560-2697,1591,Other,Standard,Oistins
Zoë Hinds,zoëhinds868@caribmail.com,zoë54,"95 Two Mile Hill, St. Philip, Barbados","oJ,C2*<;]?",JbM7Q1Sr,1956-03-09,246-516-6567,1359,Male,Standard,Oistins
Mårlon Gittens,mårlongittens72@bdsconnect.bb,mår91,"24 Atlantic Shores, St. Philip, Barbados",&BW16RuVN},uX8KMf4d,1964-03-25,246-832-1815,1690,Male,Premium,Wildey
Alicia Toppin,aliciatoppin622@islandshop.net,ali63,"56 Deacons Road, St. Philip, Barbados",$oS3oK]].!,HQtcozMd,1955-04-10,246-416-3248,1782,Female,Premium,Speightstown
Kendra Best,kendrabest510@islandshop.net,ken32,"98 Maxwell Hill, St. Philip, Barbados",'{D#*\TjYf,BbD6e3uK,1982-10-13,246-855-7843,1296,Male,Premium,Bridgetown
Keisha Griffith,keishagriffith821@islandshop.net,kei98,"23 Bank Hall, St. Philip, Barbados",3nF3.Z&kYN,VvovXkeG,1995-02-17,246-722-4176,1927,Female,Premium,Oistins
Devin Brathwaite,devinbrathwaite150@tridenttreats.bb,dev35,"155 Maxwell Hill, St. Philip, Barbados","t@jw=""7+-5",R74KPONu,1995-06-05,246-650-2118,1480,Female,Staff,Speightstown
Latoya Clarke,latoyaclarke361@caribmail.com,lat49,"116 Bay Street, St. Philip, Barbados",ehVKj?l;/#,yDLJ9YV5,1957-08-26,246-785-4084,1329,Other,Premium,Six Roads
Rashida Clarke,rashidaclarke462@caribmail.com,ras53,"22 St. George, St. Philip, Barbados",#?wfF{44&%,Nkxx6syA,2004-06-22,246-812-1857,1808,Other,Staff,Speightstown
Dario Jordan,dariojordan97@islandshop.net,dar46,"186 Deacons Road, St. Philip, Barbados",[:tQk-[sSN,9PSQziMT,1960-05-18,246-585-6381,1832,Male,Staff,Six Roads
Dario Harewood,darioharewood521@tridenttreats.bb,dar12,"80 Bank Hall, St. Philip, Barbados",xBR!yCrtjL,2YgGXI1V,1988-01-22,246-544-3147,1611,Female,Standard,Oistins
Andre Griffith,user@.startingdot.com,and15,"94 Country Road, St. Philip, Barbados",]}E4;K5D'E,t9ZYE51m,1978-11-19,246-651-8564,1787,Female,Premium,Six Roads
José Harewood,joséharewood990@bdsconnect.bb,jos35,"36 Six Roads, St. Philip, Barbados",Gg?9V)n|%p,sfWkrC5G,1964-07-03,246-427-8391,1905,Female,Standard,Wildey
Shanice Gittens,shanicegittens515@tridenttreats.bb,sha40,"21 Country Road, St. Philip, Barbados",VCdOm|@Qsr,cs61ES1i,2003-12-16,246-659-1086,1927,Male,Standard,Speightstown
Tanya Callender,tanyacallender562@islandshop.net,tan24,"61 Deacons Road, St. Philip, Barbados",MpgE1><6io,15FMIbOG,1991-04-23,246-347-5772,1439,Male,Staff,Speightstown
Devin Harewood,devinharewood192@caribmail.com,dev77,"18 Bank Hall, St. Philip, Barbados",&(##)cX8f>,yxqVbwYe,1977-04-24,246-872-2698,1790,Other,Staff,Speightstown
Rashida Clarke,rashidaclarke361@tridenttreats.bb,ras92,"213 Maxwell Hill, St. Philip, Barbados",^7`9=xri|6,csmcYm4c,1975-05-17,246-607-9897,1484,Female,Standard,Oistins
Omar Springer,omarspringer883@caribmail.com,oma93,"70 Bank Hall, St. Philip, Barbados","pV3Z4XRx""_",Fx7ZHrZf,2001-07-03,246-640-3956,1558,Female,Premium,Bridgetown
Dario Jordan,dariojordan677@tridenttreats.bb,dar49,"155 Bay Street, St. Philip, Barbados",|2v_4S5f~T,NBrOY8de,1997-11-13,246-572-9406,1820,Other,Staff,Oistins
Marlon Callender,marloncallender870@islandshop.net,mar14,"18 Maxwell Hill, St. Philip, Barbados",E?UUX+e:t],C8xxCWeK,1963-09-12,246-607-6150,1665,Female,Standard,Bridgetown
Marlon Griffith,marlongriffith512@islandshop.net,mar81,"68 Silver Sands, St. Philip, Barbados",H{5B;K_!zp,i2eCl5TC,1960-11-28,246-527-6692,1726,Male,Staff,Six Roads
Omar Browne,omarbrowne872@bdsconnect.bb,oma99,"45 St. Philip, St. Philip, Barbados","U$CpzrE""dU",JKxDZJiN,1960-02-10,246-607-8842,1538,Female,Premium,Six Roads
Dario Callender,dariocallender996@tridenttreats.bb,dar92,"116 Silver Sands, St. Philip, Barbados",7^%Sq)>.xq,BG63d1hH,1964-05-06,246-365-6286,1957,Other,Standard,Speightstown
José Browne,josébrowne867@caribmail.com,jos42,"163 Grazettes Main Road, St. Philip, Barbados",)Jq=M;'l#?,kL8LjkQN,2001-10-11,246-777-1674,1845,Male,Standard,Bridgetown
Mårlon Alleyne,mårlonalleyne667@bdsconnect.bb,mår83,"159 Country Road, St. Philip, Barbados",">d""=(L?M9F",ZZRztDeS,1958-03-15,246-625-8933,1475,Male,Premium,Six Roads
Rashida Jordan,rashidajordan883@tridenttreats.bb,ras54,"34 Country Road, St. Philip, Barbados",V$*nOE7pI5,pjgds8y3,1994-07-08,246-363-6364,1956,Other,Staff,Speightstown
Tanya Griffith,tanyagriffith511@islandshop.net,tan73,"128 Deacons Road, St. Philip, Barbados",clY#6EB-Tg,dsFM41PR,1985-05-18,246-208-2761,1441,Male,Premium,Speightstown
Jamal Springer,jamalspringer47@islandshop.net,jam16,"144 Six Roads, St. Philip, Barbados",yU)KjX#5)J,0NRNhigz,1978-06-18,246-574-3363,1203,Other,Staff,Wildey
José Clarke,joséclarke47@caribmail.com,jos27,"86 St. George, St. Philip, Barbados",8%6t:$rP;O,kzNV1tLv,1987-09-18,246-701-5911,1486,Male,Premium,Speightstown
Kendra Harewood,kendraharewood598@tridenttreats.bb,ken98,"7 St. Philip, St. Philip, Barbados","/8H@-,D}g-",EkHOUNX1,1979-03-27,246-897-4968,1032,Other,Staff,Bridgetown
Tanya Best,tanyabest452@tridenttreats.bb,tan63,"106 Maxwell Hill, St. Philip, Barbados",_A0#;8~h{r,HnJuQEHy,1975-03-15,246-745-6608,1559,Female,Staff,Speightstown
Łukasz Toppin,łukasztoppin197@bdsconnect.bb,łuk45,"77 Two Mile Hill, St. Philip, Barbados",CMK{A_{!O9,wJ77YUrs,1962-10-22,246-756-7220,1917,Female,Premium,Oistins
Omar Clarke,omarclarke295@caribmail.com,oma54,"168 Bay Street, St. Philip, Barbados",G9Bz'I*`Ir,gNVLppdQ,1988-04-21,246-438-1860,1102,Female,Premium,Wildey
Kendra Callender,kendracallender6@bdsconnect.bb,ken62,"240 St. Philip, St. Philip, Barbados",89@zKPK?hl,PKoIVU27,1957-03-14,246-380-1595,1856,Female,Premium,Oistins
Omar Clarke,omarclarke10@tridenttreats.bb,oma82,"28 Six Roads, St. Philip, Barbados","QK6?(&""r#7",rmZhvkUD,1996-05-23,246-390-1230,1754,Female,Premium,Six Roads
Tanya Griffith,tanyagriffith626@islandshop.net,tan64,"84 Two Mile Hill, St. Philip, Barbados",lZ\mxr9PFa,qypCWr9v,1974-10-24,246-786-1187,1267,Other,Premium,Oistins
Shanice Brathwaite,shanicebrathwaite477@tridenttreats.bb,sha30,"176 Country Road, St. Philip, Barbados",#{N_p>LV;C,o9iEjDVM,1978-07-23,246-762-8714,1775,Other,Staff,Oistins
Devin Holder,devinholder539@islandshop.net,dev77,"93 St. George, St. Philip, Barbados","j+oh)#z,'t",ku2HChRn,2000-10-16,246-293-9361,1456,Male,Premium,Oistins
José Harewood,joséharewood468@caribmail.com,jos81,"173 Bay Street, St. Philip, Barbados",N}cYGaB-jf,BwSeId75,1959-08-02,246-493-7698,1184,Male,Staff,Wildey
Malik Gittens,malikgittens460@islandshop.net,mal58,"175 Silver Sands, St. Philip, Barbados",[(r@Spw'Y&,iUo1aWbt,1984-11-24,246-757-7948,1544,Female,Standard,Oistins
Renée Springer,renéespringer159@tridenttreats.bb,ren34,"196 St. George, St. Philip, Barbados",oe[1;cEAim,McCMRT3d,1970-12-02,246-611-8191,1239,Other,Standard,Bridgetown
Rashida Browne,rashidabrowne240@tridenttreats.bb,ras83,"198 Six Roads, St. Philip, Barbados",]PEMs[%C0M,rdJ8L4V6,1966-11-22,246-637-9120,1048,Female,Staff,Wildey
José Jordan,joséjordan714@islandshop.net,jos62,"77 Maxwell Hill, St. Philip, Barbados",Wx'8ECM{s7,6dJA9AJH,1963-07-08,246-461-4331,1338,Other,Standard,Wildey
Malik Holder,malikholder549@bdsconnect.bb,mal16,"97 Deacons Road, St. Philip, Barbados",]::fjy.}\*,nEn36vt9,1955-04-07,246-320-8846,1936,Male,Staff,Six Roads
Tanya Gittens,tanyagittens938@bdsconnect.bb,tan80,"199 Bank Hall, St. Philip, Barbados",KW7'@TNHU$,4FDgZUEW,1975-04-12,246-520-7781,1046,Other,Standard,Oistins
Marlon Alleyne,marlonalleyne567@islandshop.net,mar47,"51 Maxwell Hill, St. Philip, Barbados","QDW+F"")@^R",qW0F9UPV,1986-08-06,246-560-3773,1143,Other,Staff,Wildey
Andre Clarke,andreclarke537@caribmail.com,and19,"13 St. Philip, St. Philip, Barbados",a0r=Di{tbB,GDxdNOQ7,1994-08-22,246-699-1257,1006,Other,Staff,Wildey
Marlon Best,marlonbest543@tridenttreats.bb,mar78,"5 Deacons Road, St. Philip, Barbados",#`]3wnm&tE,mNHq0wrY,1980-02-12,246-615-8520,1578,Male,Staff,Oistins
Omar Holder,omarholder670@caribmail.com,oma21,"98 Country Road, St. Philip, Barbados","W)8h>b`vk""",2BPYvK2g,1988-01-08,246-416-8790,1277,Male,Standard,Speightstown
François Clarke,françoisclarke184@tridenttreats.bb,fra12,"151 Grazettes Main Road, St. Philip, Barbados",s|YjMu+E+X,R5IvyWVi,2005-12-24,246-280-9204,1763,Female,Standard,Bridgetown
Alicia Hinds,aliciahinds859@caribmail.com,ali53,"197 Six Roads, St. Philip, Barbados",;/YPd>I5!D,wJ8yBlRL,1997-07-03,246-833-5839,1817,Male,Staff,Bridgetown
Dario Alleyne,darioalleyne158@islandshop.net,dar91,"190 Maxwell Hill, St. Philip, Barbados",XOUnlaN4UI,giflBCJJ,1987-07-04,246-226-2468,1362,Other,Standard,Six Roads
Łukasz Jordan,łukaszjordan885@islandshop.net,łuk11,"106 Deacons Road, St. Philip, Barbados","Xk}*F,%v^W",kirtrFje,1965-07-09,246-631-5911,1495,Male,Premium,Speightstown
Devin Toppin,devintoppin609@bdsconnect.bb,dev68,"35 Silver Sands, St. Philip, Barbados",MaYQ<WQ4Q3,003PMitu,1993-12-07,246-690-6147,1181,Female,Premium,Speightstown
Zoë Hinds,zoëhinds334@islandshop.net,zoë45,"94 Country Road, St. Philip, Barbados",o+z.(x^)d~,D8TnCZs1,1999-02-27,246-618-9180,1142,Other,Premium,Oistins
Latoya Callender,latoyacallender733@islandshop.net,lat58,"115 Silver Sands, St. Philip, Barbados",/9-Z'#_1(e,Y9xS5ZIM,1995-02-04,246-454-6816,1170,Other,Staff,Bridgetown
Mårlon Gittens,mårlongittens991@tridenttreats.bb,mår65,"3 Silver Sands, St. Philip, Barbados","mHC$%*-_,C",CxzDXRLS,1987-03-12,246-225-8909,1107,Female,Premium,Bridgetown
Kendra Callender,kendracallender357@tridenttreats.bb,ken53,"201 Bay Street, St. Philip, Barbados",A%9S8m4}`5,uetcZThb,1976-11-04,246-893-3692,1952,Other,Standard,Six Roads
Andre Griffith,andregriffith339@islandshop.net,and69,"205 Grazettes Main Road, St. Philip, Barbados",Z=xx>[3Yd;,4mCLByaT,1968-04-09,246-264-2667,1818,Other,Standard,Speightstown
Keisha Forde,keishaforde469@caribmail.com,kei43,"221 St. Philip, St. Philip, Barbados",!&>O/X;Y.o,ww2DNl0R,2000-05-20,246-804-2388,1688,Male,Premium,Bridgetown
Devin Browne,devinbrowne120@bdsconnect.bb,dev57,"37 St. George, St. Philip, Barbados","$X1/r,X2x!",OIS6P7lJ,1965-08-10,246-343-4065,1322,Female,Staff,Bridgetown
Malik Best,malikbest497@bdsconnect.bb,mal34,"247 Country Road, St. Philip, Barbados","*#@""0^!1{4",FkfKbYWo,1973-01-09,246-430-9808,1295,Male,Premium,Six Roads
Zoë Brathwaite,zoëbrathwaite587@caribmail.com,zoë44,"211 Two Mile Hill, St. Philip, Barbados",U(f}4(B2n@,Wpt3cCqw,2007-02-15,246-320-4882,1214,Other,Staff,Speightstown
Łukasz Harewood,łukaszharewood170@bdsconnect.bb,łuk36,"207 Grazettes Main Road, St. Philip, Barbados",h+S'J/'vP{,ssKr82G5,1998-02-05,246-621-1971,1283,Other,Standard,Oistins
Devin Callender,devincallender729@tridenttreats.bb,dev41,"101 St. Philip, St. Philip, Barbados","!s,=I=1W5j",OY4XfzGV,1972-12-12,246-665-8996,1335,Other,Standard,Bridgetown
Renée Springer,renéespringer871@caribmail.com,ren78,"56 Country Road, St. Philip, Barbados","2B""IPKR),q",K2FYv5RW,1958-01-04,246-841-8529,1016,Male,Standard,Wildey
Renée Best,renéebest982@islandshop.net,ren35,"233 St. George, St. Philip, Barbados",q@MuJl@UGk,xQ5PkdzO,1974-12-23,246-439-8032,1671,Male,Staff,Bridgetown
Marlon Forde,marlonforde489@caribmail.com,mar26,"58 Six Roads, St. Philip, Barbados",%^4bb`Rp2_,iEeoyfUZ,1961-02-11,246-576-5902,1140,Female,Standard,Oistins
Dario Best,dariobest625@bdsconnect.bb,dar66,"185 Bank Hall, St. Philip, Barbados",B=t0;^4Blm,iWhLUyw9,1982-06-26,246-343-5059,1283,Other,Standard,Oistins
François Browne,françoisbrowne798@caribmail.com,fra94,"53 Deacons Road, St. Philip, Barbados","%:$yYL?gE""",yhpFOMeH,1955-06-11,246-335-7337,1881,Other,Premium,Speightstown
François Griffith,françoisgriffith782@islandshop.net,fra19,"151 Atlantic Shores, St. Philip, Barbados",ibHBfhY#K=,TGXABSzf,1995-09-18,246-830-3501,1284,Male,Premium,Bridgetown
José Forde,joséforde998@bdsconnect.bb,jos78,"101 Bank Hall, St. Philip, Barbados",.>@^?iN`3~,92pdpf7B,1962-08-20,246-823-1901,1316,Other,Staff,Oistins
Kendra Best,kendrabest725@bdsconnect.bb,ken99,"42 Atlantic Shores, St. Philip, Barbados","""S%%}HvVqI",U4hX5bvZ,1982-05-17,246-265-5308,1729,Other,Staff,Bridgetown
Zoë Prescod,zoëprescod524@tridenttreats.bb,zoë17,"220 Bay Street, St. Philip, Barbados","+vVuGn,]}o",oVGac23a,1970-01-16,246-572-7274,1942,Male,Standard,Bridgetown
François Harewood,françoisharewood230@tridenttreats.bb,fra41,"235 Country Road, St. Philip, Barbados","}OIj,Vp#]g",loZHc9ze,1984-05-25,246-518-6362,1088,Other,Premium,Bridgetown
Malik Forde,malikforde299@tridenttreats.bb,mal89,"119 Grazettes Main Road, St. Philip, Barbados","V.""z~(Fta0",boIwO1S4,1955-06-01,246-873-7164,1869,Other,Staff,Speightstown
Kendra Forde,kendraforde543@bdsconnect.bb,ken63,"247 Bay Street, St. Philip, Barbados",hs|JlfD%0`,5xDVfLgG,1963-11-27,246-603-2226,1606,Other,Standard,Wildey
Rashida Hinds,rashidahinds299@tridenttreats.bb,ras50,"180 Country Road, St. Philip, Barbados",PO5IDjzr-n,jgkCDuAh,1989-06-25,246-412-8404,1315,Female,Premium,Bridgetown
Dario Griffith,dariogriffith827@tridenttreats.bb,dar99,"11 Six Roads, St. Philip, Barbados",BPsl|FTY$g,Rtq0lb8z,1983-09-24,246-763-5093,1096,Female,Standard,Oistins
Kendra Best,kendrabest64@bdsconnect.bb,ken26,"211 Grazettes Main Road, St. Philip, Barbados",ZV^=?k-.Hj,bem5PCZi,1960-06-04,246-243-8552,1051,Male,Staff,Wildey
Jamal Toppin,jamaltoppin31@islandshop.net,jam97,"45 Country Road, St. Philip, Barbados",TBxJJ5te;<,NpPsFA4J,1985-01-03,246-486-7275,1140,Female,Standard,Six Roads
Devin Best,devinbest392@tridenttreats.bb,dev71,"201 Two Mile Hill, St. Philip, Barbados",!S+#PXIxdO,Mob5ZXrd,2006-08-17,246-566-4813,1997,Male,Standard,Oistins
Devin Alleyne,devinalleyne547@caribmail.com,dev38,"217 Six Roads, St. Philip, Barbados",XTwwE.O`T.,bTSw8KKj,1991-04-27,246-704-9882,1316,Male,Premium,Bridgetown
Dario Clarke,darioclarke239@bdsconnect.bb,dar12,"123 Two Mile Hill, St. Philip, Barbados",aQ;zqR|wPh,bjLT6jXh,1988-06-03,246-582-7481,1600,Male,Premium,Speightstown
Keisha Callender,keishacallender162@islandshop.net,kei91,"167 Bay Street, St. Philip, Barbados",Ow{*_;TC\.,0lytUSsi,1966-12-01,246-786-7415,1871,Other,Standard,Oistins
Łukasz Jordan,łukaszjordan944@bdsconnect.bb,łuk91,"27 Six Roads, St. Philip, Barbados","""sQjESOv>l",0TQOU4vC,1955-05-07,246-455-2110,1358,Female,Standard,Bridgetown
Shanice Gittens,shanicegittens449@islandshop.net,sha31,"127 Country Road, St. Philip, Barbados","WS(Wm9,@^C",kCeZ2csb,1975-05-04,246-275-6600,1174,Female,Standard,Bridgetown
François Holder,françoisholder347@islandshop.net,fra13,"242 Country Road, St. Philip, Barbados",@v:3ugmQAy,ASJU7UIq,1997-05-10,246-443-2571,1050,Female,Staff,Six Roads
Zoë Callender,zoëcallender56@tridenttreats.bb,zoë10,"23 Country Road, St. Philip, Barbados",L[=/9zmdAv,OsfE2htY,1980-08-16,246-876-5341,1093,Other,Staff,Wildey
Andre Springer,andrespringer907@islandshop.net,and57,"115 Maxwell Hill, St. Philip, Barbados",fH47HCI+ht,WSQgfQwZ,1989-07-25,246-803-4727,1566,Male,Premium,Six Roads
Alicia Toppin,aliciatoppin587@bdsconnect.bb,ali70,"21 Deacons Road, St. Philip, Barbados","Y|e#,%,]<s",h8WCl8kn,2006-04-05,246-243-7936,1080,Other,Premium,Oistins
Rashida Alleyne,rashidaalleyne328@caribmail.com,ras21,"143 Country Road, St. Philip, Barbados",Y)PJ%6b`<.,HYAhAjjK,1992-10-25,246-302-2730,1576,Male,Premium,Six Roads
Malik Harewood,malikharewood271@islandshop.net,mal93,"147 Bay Street, St. Philip, Barbados",:8ewJZs<:^,Szcz44vS,1970-01-24,246-686-5400,1918,Female,Standard,Speightstown
Omar Browne,omarbrowne288@islandshop.net,oma99,"26 St. Philip, St. Philip, Barbados",DrM4PI~1:?,fmCn60AV,1986-09-28,246-582-1920,1527,Male,Standard,Speightstown
José Gittens,joségittens139@caribmail.com,jos32,"225 Grazettes Main Road, St. Philip, Barbados",zhFe6gU{zJ,x0DGzO7h,1998-01-08,246-581-9008,1608,Female,Standard,Wildey
Mårlon Springer,mårlonspringer353@bdsconnect.bb,mår43,"213 St. George, St. Philip, Barbados","_lKdXgu,BC",PoRnrPAG,1956-11-01,246-685-3167,1662,Male,Staff,Bridgetown
Devin Alleyne,devinalleyne623@tridenttreats.bb,dev92,"109 Deacons Road, St. Philip, Barbados",WS6GB7M]%<,zLgaGQ91,1978-09-21,246-808-5631,1305,Other,Standard,Wildey
Dario Jordan,dariojordan284@tridenttreats.bb,dar45,"168 Deacons Road, St. Philip, Barbados",|@Myt%Eh/Z,QuRiUbPF,1973-05-14,246-614-7361,1754,Male,Staff,Six Roads
Tanya Jordan,tanyajordan744@bdsconnect.bb,tan97,"164 Two Mile Hill, St. Philip, Barbados",8\T#Mv[*xL,gEiVqUZJ,2003-03-22,246-543-2463,1227,Female,Standard,Speightstown
Alicia Jordan,aliciajordan381@tridenttreats.bb,ali84,"119 Deacons Road, St. Philip, Barbados",p8g>--<j8y,Gh3RyHtA,1958-03-05,246-405-6614,1419,Other,Premium,Oistins
Keisha Griffith,keishagriffith798@caribmail.com,kei72,"162 Bank Hall, St. Philip, Barbados","wO>ha5JAv,",WkFYWXfi,1994-07-21,246-639-7609,1439,Female,Premium,Bridgetown
Shanice Forde,shaniceforde749@tridenttreats.bb,sha11,"194 Bank Hall, St. Philip, Barbados",&yc]a=~FC_,4wtigyGL,1974-03-03,246-246-5885,1971,Female,Premium,Six Roads
Łukasz Jordan,łukaszjordan445@bdsconnect.bb,łuk53,"92 Bay Street, St. Philip, Barbados",yvZcDC~qB~,bLGkhxTP,2005-01-13,246-855-5190,1789,Other,Staff,Bridgetown
Łukasz Clarke,łukaszclarke678@caribmail.com,łuk93,"13 Atlantic Shores, St. Philip, Barbados",_o14Wp)G8`,jnSROatA,1997-02-22,246-732-5423,1637,Other,Staff,Oistins
Alicia Brathwaite,aliciabrathwaite524@caribmail.com,ali46,"201 Silver Sands, St. Philip, Barbados","n""z:zH%zT{",AskcJF6n,1999-08-11,246-440-1044,1013,Other,Standard,Bridgetown
Mårlon Toppin,mårlontoppin153@caribmail.com,mår75,"186 Silver Sands, St. Philip, Barbados",}mG?D6LH7g,g0l3c2sx,2006-11-11,246-636-2898,1097,Male,Standard,Oistins
Andre Jordan,andrejordan367@islandshop.net,and89,"225 Deacons Road, St. Philip, Barbados",~lVRxoZZ6I,1yS2EZAP,2006-03-04,246-335-1960,1965,Male,Standard,Wildey
Mårlon Toppin,mårlontoppin822@islandshop.net,mår33,"98 Six Roads, St. Philip, Barbados",T;d^~q9!o0,CceqPuaT,1998-09-25,246-790-4669,1978,Other,Premium,Six Roads
José Brathwaite,josébrathwaite444@bdsconnect.bb,jos71,"170 Bank Hall, St. Philip, Barbados",]?Xt*;gb?u,G2E2F3ke,2003-08-11,246-446-6421,1993,Female,Standard,Six Roads
Devin Gittens,devingittens413@bdsconnect.bb,dev20,"114 Bay Street, St. Philip, Barbados",",5l""5Op""@c",gzAcJJa0,1960-10-20,246-852-5990,1911,Other,Staff,Oistins
Renée Jordan,renéejordan373@caribmail.com,ren38,"85 Bay Street, St. Philip, Barbados",*</8|[U|5o,gWQoavw1,1995-05-18,246-734-7125,1718,Male,Standard,Oistins
Zoë Callender,zoëcallender842@islandshop.net,zoë23,"157 Deacons Road, St. Philip, Barbados",zypYB6y|Rn,WAc7O1RL,1962-08-15,246-874-9260,1137,Female,Standard,Six Roads
Shanice Harewood,user@domain..com,sha75,"178 Maxwell Hill, St. Philip, Barbados",-w~qnX[/:P,G4yAM6SW,1970-05-13,246-551-5819,1463,Male,Standard,Wildey
Łukasz Browne,łukaszbrowne864@tridenttreats.bb,łuk80,"56 St. Philip, St. Philip, Barbados",zA<|L^S]q{,P9lGISOu,2000-02-25,246-560-8870,1596,Other,Staff,Wildey
François Browne,françoisbrowne899@islandshop.net,fra11,"28 Two Mile Hill, St. Philip, Barbados",dWsg\hzIuK,Rqj1dSYs,1968-09-02,246-567-8415,1104,Other,Staff,Six Roads
Devin Gittens,devingittens244@tridenttreats.bb,dev98,"13 St. Philip, St. Philip, Barbados",WX1^O)gbGz,N3X33C1o,1995-12-23,246-863-7025,1773,Other,Staff,Six Roads
Tanya Forde,tanyaforde302@islandshop.net,tan32,"20 St. Philip, St. Philip, Barbados",xw$pWf2J*H,ikL2qavD,2000-03-02,246-357-6285,1611,Male,Staff,Six Roads
Omar Toppin,omartoppin809@tridenttreats.bb,oma19,"82 St. George, St. Philip, Barbados",&Cx%i#u1(',zfwo4nQv,1976-06-10,246-423-9691,1486,Other,Staff,Bridgetown
Kendra Springer,kendraspringer457@bdsconnect.bb,ken92,"236 Six Roads, St. Philip, Barbados",<Ff^PWoXG(,Usb6H0Xx,1987-09-15,246-698-1718,1303,Other,Standard,Speightstown
José Holder,joséholder971@caribmail.com,jos31,"137 Two Mile Hill, St. Philip, Barbados",a=iA\=B^2n,nI1S4VXB,1996-02-24,246-357-1389,1470,Other,Premium,Bridgetown
Dario Holder,darioholder56@bdsconnect.bb,dar42,"19 Two Mile Hill, St. Philip, Barbados",",DH0X5=Z3O",byRhIaPU,1994-02-25,246-799-1745,1717,Male,Premium,Six Roads
Kendra Browne,kendrabrowne806@tridenttreats.bb,ken87,"73 Silver Sands, St. Philip, Barbados",4WY[d8u'Cr,VzYZ2Is9,1995-03-10,246-893-7113,1980,Male,Staff,Six Roads
Rashida Brathwaite,rashidabrathwaite43@caribmail.com,ras83,"101 Six Roads, St. Philip, Barbados",')kNA}SB0?,2GjkloN1,1971-04-04,246-385-1891,1871,Other,Premium,Six Roads
Dario Browne,dariobrowne688@caribmail.com,dar42,"51 Silver Sands, St. Philip, Barbados",}-!QTq\@Em,sNe5muFC,1976-10-22,246-513-3496,1579,Other,Premium,Speightstown
Alicia Griffith,aliciagriffith5@tridenttreats.bb,ali41,"183 Grazettes Main Road, St. Philip, Barbados",?3JUr]~Q97,CwXtFJgl,1996-10-03,246-487-3293,1912,Other,Standard,Speightstown
Dario Holder,darioholder914@caribmail.com,dar74,"8 St. Philip, St. Philip, Barbados",--Z.Be)H((,EPXjxzo5,2004-10-24,246-497-3193,1475,Other,Staff,Bridgetown
Jamal Springer,noatsign.example.com,jam94,"218 Grazettes Main Road, St. Philip, Barbados",;^v$r5uw++,Q39jVUE8,1977-01-08,246-699-4796,1064,Female,Premium,Oistins
Shanice Forde,shaniceforde531@tridenttreats.bb,sha59,"235 Bay Street, St. Philip, Barbados",6ff@Pn{%>J,1VqLIKly,1996-07-12,246-801-2275,1529,Female,Premium,Oistins
José Gittens,joségittens362@tridenttreats.bb,jos72,"228 Bay Street, St. Philip, Barbados",:a#r4vDj$?,rnjlkxMT,2007-02-22,246-435-7793,1830,Female,Staff,Bridgetown
Zoë Toppin,zoëtoppin491@bdsconnect.bb,zoë85,"166 Maxwell Hill, St. Philip, Barbados","0cFfq,.ur=",Gc5Kjdkq,1966-09-13,246-813-1305,1899,Other,Staff,Speightstown
Dario Forde,darioforde460@islandshop.net,dar71,"57 Maxwell Hill, St. Philip, Barbados",0/s-x<[$Hv,URv7DMLe,1969-07-13,246-335-2778,1016,Male,Staff,Six Roads
Alicia Callender,aliciacallender621@caribmail.com,ali32,"231 Bay Street, St. Philip, Barbados",;/e'#pl9[q,5MI0a58X,1998-11-14,246-734-7892,1379,Male,Staff,Six Roads
Alicia Hinds,aliciahinds961@islandshop.net,ali58,"151 Bank Hall, St. Philip, Barbados","`,m2rG9DkK",M4IAqmaT,2002-01-19,246-735-2930,1532,Male,Premium,Oistins
Keisha Harewood,keishaharewood371@caribmail.com,kei29,"167 Country Road, St. Philip, Barbados",-GH'2+U;J^,zWnAJYJE,1966-06-18,246-768-8925,1259,Female,Staff,Speightstown
Jamal Callender,jamalcallender876@caribmail.com,jam39,"201 Bay Street, St. Philip, Barbados",`umB$ZR);`,RTdky9Oa,2006-02-27,246-348-8727,1948,Other,Premium,Bridgetown
Dario Alleyne,darioalleyne228@tridenttreats.bb,dar20,"10 Six Roads, St. Philip, Barbados",}XZ;@%K|/h,8X0lOFCa,1967-11-26,246-730-5685,1199,Male,Staff,Six Roads
José Hinds,joséhinds630@bdsconnect.bb,jos96,"93 Atlantic Shores, St. Philip, Barbados",E@aulJZT\Y,zLmHaVTe,1960-09-10,246-772-6703,1355,Female,Standard,Six Roads
Tanya Prescod,tanyaprescod953@islandshop.net,tan83,"67 Atlantic Shores, St. Philip, Barbados",w0#n*j#LRo,ZG9q4I0Y,1991-05-23,246-653-7178,1576,Female,Standard,Speightstown
Renée Prescod,renéeprescod919@caribmail.com,ren71,"67 Silver Sands, St. Philip, Barbados",iW>C]`DO0T,HIaS1qps,1960-07-22,246-550-2245,1567,Male,Premium,Speightstown
Malik Forde,malikforde916@tridenttreats.bb,mal33,"175 St. George, St. Philip, Barbados","y""zEEHADzF",1NwjXgh6,1960-11-22,246-704-1108,1782,Other,Standard,Wildey
Malik Jordan,malikjordan505@tridenttreats.bb,mal72,"196 Maxwell Hill, St. Philip, Barbados","$JYC,qg&29",8IcGwz3R,2004-03-15,246-323-9490,1471,Female,Staff,Bridgetown
Marlon Forde,marlonforde389@caribmail.com,mar51,"157 Bank Hall, St. Philip, Barbados",Hx)HEI8;RU,lFBnASWx,1978-07-09,246-661-3947,1585,Male,Staff,Oistins
Kendra Alleyne,kendraalleyne824@bdsconnect.bb,ken81,"220 Country Road, St. Philip, Barbados","Wzst8bw1""r",52OHIUuY,1986-05-09,246-775-1781,1407,Male,Staff,Oistins
Shanice Forde,shaniceforde834@tridenttreats.bb,sha70,"25 St. Philip, St. Philip, Barbados",5QHUU**GSc,Ahw3R9Mm,1991-10-21,246-864-9821,1178,Female,Premium,Speightstown
José Toppin,josétoppin794@islandshop.net,jos20,"158 Country Road, St. Philip, Barbados",K7=sv>R1=;,Kz26efkv,1969-06-11,246-868-5773,1727,Female,Staff,Wildey
Latoya Prescod,latoyaprescod800@tridenttreats.bb,lat85,"248 Two Mile Hill, St. Philip, Barbados",50vxcq~E[G,8VSVfnkz,1961-02-03,246-684-9985,1055,Male,Premium,Six Roads
Dario Brathwaite,dariobrathwaite269@bdsconnect.bb,dar20,"239 St. Philip, St. Philip, Barbados",XNDFK4=qq&,1kbcQw36,1975-08-15,246-753-5463,1561,Female,Standard,Six Roads
Andre Prescod,"user@domain,com",and77,"164 St. Philip, St. Philip, Barbados",'NS9(Dl4NU,AqjtaaH0,2003-03-12,246-493-8687,1547,Male,Staff,Wildey
Zoë Browne,zoëbrowne10@islandshop.net,zoë47,"60 Six Roads, St. Philip, Barbados",a)Vy0*3YFu,TVPy1yoq,1960-07-21,246-445-9464,1782,Other,Staff,Speightstown
Omar Alleyne,omaralleyne423@bdsconnect.bb,oma18,"35 Maxwell Hill, St. Philip, Barbados",Lo>6<5I`<!,mubjdIbl,1961-05-09,246-328-8183,1744,Male,Standard,Bridgetown
Rashida Best,rashidabest506@bdsconnect.bb,ras53,"80 Country Road, St. Philip, Barbados","""V7`eQkshI",XzeIElm5,1971-07-27,246-212-2998,1997,Other,Standard,Wildey
Renée Hinds,renéehinds756@caribmail.com,ren35,"189 Bay Street, St. Philip, Barbados",m%\A8X^NPu,OUcV7JHh,1971-08-21,246-505-4255,1369,Male,Staff,Oistins
Kendra Hinds,kendrahinds649@islandshop.net,ken51,"43 Atlantic Shores, St. Philip, Barbados",J-pYFbf-_8,SMjxXfpk,1986-02-22,246-833-6544,1953,Other,Standard,Bridgetown
Malik Callender,malikcallender719@caribmail.com,mal26,"60 Bay Street, St. Philip, Barbados",O*?S4~yc_W,wUiq5cFT,1983-09-10,246-755-9029,1194,Other,Standard,Six Roads
Malik Jordan,malikjordan750@islandshop.net,mal45,"235 Six Roads, St. Philip, Barbados",)ui&t5LH(U,DaXOGyUl,1956-10-28,246-572-4912,1328,Other,Standard,Six Roads
Jamal Forde,jamalforde537@islandshop.net,jam80,"157 Maxwell Hill, St. Philip, Barbados",KP0?Pom%[i,c18il3cm,1961-08-07,246-301-1521,1584,Other,Premium,Wildey
José Alleyne,joséalleyne51@tridenttreats.bb,jos38,"184 Six Roads, St. Philip, Barbados",jbA@!k7>hU,JV84A0xY,2000-01-27,246-831-5355,1541,Male,Staff,Bridgetown
Omar Holder,omarholder968@bdsconnect.bb,oma76,"26 Silver Sands, St. Philip, Barbados",}D'Xyy&[F+,O8lJVJAV,1961-11-19,246-566-8515,1719,Other,Premium,Bridgetown
Andre Griffith,andregriffith564@islandshop.net,and74,"169 Bank Hall, St. Philip, Barbados",u'/4TO)PV0,WOB0UuMp,1991-09-07,246-584-5162,1368,Female,Premium,Wildey
Marlon Clarke,marlonclarke292@caribmail.com,mar76,"228 Maxwell Hill, St. Philip, Barbados",MaMCBOc_J),GJK7Kjgc,1984-06-05,246-341-5341,1375,Other,Standard,Oistins
Latoya Browne,latoyabrowne95@islandshop.net,lat82,"188 Grazettes Main Road, St. Philip, Barbados","j}P9w!_`,m",MPtcUZKy,1960-01-25,246-542-6700,1900,Female,Premium,Bridgetown
Devin Best,devinbest650@islandshop.net,dev16,"135 Deacons Road, St. Philip, Barbados",fO(+tP#`Ct,dRUzCWMK,1987-02-08,246-642-5747,1805,Female,Standard,Oistins
Keisha Holder,keishaholder488@caribmail.com,kei80,"68 Country Road, St. Philip, Barbados",kZ#3`qr9*z,FzPKmJNV,1988-04-08,246-273-5362,1795,Female,Premium,Six Roads
Dario Brathwaite,dariobrathwaite688@islandshop.net,dar64,"90 Bank Hall, St. Philip, Barbados",yPS/@dNvS;,0ZCNjCc7,2007-04-07,246-582-3555,1775,Other,Standard,Bridgetown
Shanice Hinds,shanicehinds972@bdsconnect.bb,sha46,"88 Atlantic Shores, St. Philip, Barbados",_oN58cQA'B,nIHWqJEN,2001-03-23,246-884-1301,1385,Other,Staff,Six Roads
Shanice Alleyne,shanicealleyne175@caribmail.com,sha46,"203 Grazettes Main Road, St. Philip, Barbados",`<Ig7@biX[,rQ26Qx3g,1956-05-28,246-864-7332,1236,Female,Staff,Bridgetown
Keisha Toppin,keishatoppin888@caribmail.com,kei33,"129 Grazettes Main Road, St. Philip, Barbados",6*|cfF&NQ!,zVkbwRww,1995-05-08,246-713-5519,1831,Male,Staff,Speightstown
Jamal Best,jamalbest967@tridenttreats.bb,jam38,"88 Maxwell Hill, St. Philip, Barbados",Y[rl~W%];=,RoApKjBt,1993-06-15,246-755-3158,1211,Other,Standard,Six Roads
François Forde,françoisforde884@bdsconnect.bb,fra49,"181 St. George, St. Philip, Barbados",&r3s@+uOi*,I8Uhlu14,1964-12-01,246-526-7783,1984,Female,Premium,Wildey
Latoya Callender,latoyacallender798@bdsconnect.bb,lat23,"48 Maxwell Hill, St. Philip, Barbados",d;;I:+;D/D,oRbwfSXE,1963-09-28,246-819-8680,1729,Other,Premium,Oistins
Jamal Toppin,jamaltoppin486@bdsconnect.bb,jam30,"58 Grazettes Main Road, St. Philip, Barbados",e0bI0C\zAi,l79C3NFS,1975-08-08,246-637-7633,1794,Male,Staff,Wildey
Keisha Gittens,@missingprefix.com,kei76,"116 Silver Sands, St. Philip, Barbados",6fF%'Yf*X%,WO9dmsCz,1974-05-15,246-370-7921,1301,Other,Standard,Six Roads
Rashida Prescod,rashidaprescod850@islandshop.net,ras21,"129 St. George, St. Philip, Barbados",ox-`(rY0P5,blDL5T5m,1984-02-09,246-531-3686,1735,Other,Standard,Bridgetown
Kendra Prescod,kendraprescod650@tridenttreats.bb,ken20,"182 Two Mile Hill, St. Philip, Barbados",X~$;uW)Wfv,6vK3Q3jk,1964-03-25,246-252-7874,1315,Female,Staff,Wildey
Omar Griffith,omargriffith121@bdsconnect.bb,oma35,"160 Atlantic Shores, St. Philip, Barbados","Gb6""""(a:""E",nLQEDACf,1993-10-01,246-450-9967,1284,Other,Staff,Six Roads
Tanya Clarke,tanyaclarke190@bdsconnect.bb,tan17,"90 St. Philip, St. Philip, Barbados","ese\,:MQlg",gAlkRsNQ,1999-12-20,246-786-3906,1989,Female,Staff,Six Roads
Malik Clarke,malikclarke96@tridenttreats.bb,mal51,"230 Bank Hall, St. Philip, Barbados",Wi2)iL8rp_,3rvHAHnS,1968-10-02,246-311-9666,1089,Female,Staff,Six Roads
Omar Harewood,omarharewood624@tridenttreats.bb,oma43,"148 Two Mile Hill, St. Philip, Barbados","<Tq;+""%~=""",FZl4NoTs,1967-01-04,246-224-8616,1640,Male,Staff,Oistins
Łukasz Harewood,łukaszharewood424@caribmail.com,łuk52,"144 Bank Hall, St. Philip, Barbados",>Bb>z_KGiN,tGJuXahR,1976-06-13,246-782-1477,1852,Male,Standard,Speightstown
Keisha Toppin,keishatoppin939@islandshop.net,kei14,"35 St. Philip, St. Philip, Barbados",9t=6'Q70h%,tKURuJIb,1968-10-22,246-539-6793,1067,Male,Premium,Bridgetown
Keisha Gittens,keishagittens642@bdsconnect.bb,kei83,"100 Six Roads, St. Philip, Barbados",x/oN{O{eI0,fF4pxC18,1974-04-17,246-509-3867,1114,Female,Standard,Oistins
Dario Prescod,user@domain!.com,dar71,"40 Two Mile Hill, St. Philip, Barbados",yR9~&NPsm%,RinUcDyT,1988-02-01,246-518-1721,1703,Other,Standard,Speightstown
Renée Clarke,renéeclarke106@tridenttreats.bb,ren12,"195 Six Roads, St. Philip, Barbados",N>APzyKJ'O,XCQhrjkr,1962-01-20,246-773-9422,1104,Male,Staff,Speightstown
François Jordan,françoisjordan278@bdsconnect.bb,fra46,"63 Six Roads, St. Philip, Barbados",vjN;R(4gqd,E5Rdgydf,1982-07-06,246-810-8304,1631,Female,Premium,Speightstown
Tanya Holder,tanyaholder998@islandshop.net,tan82,"24 Maxwell Hill, St. Philip, Barbados",`7m6N^?{78,o8oj35Nq,1978-07-06,246-881-6412,1807,Female,Premium,Wildey
Marlon Holder,marlonholder487@caribmail.com,mar54,"119 Bay Street, St. Philip, Barbados","vKS:,q$nZ|",YguJPeYt,1989-08-13,246-804-7773,1244,Other,Standard,Six Roads
Andre Toppin,andretoppin394@caribmail.com,and53,"209 Grazettes Main Road, St. Philip, Barbados",_.33+R(_Ew,QQeV7TK1,1986-02-19,246-810-8584,1333,Other,Standard,Wildey
Andre Browne,andrebrowne979@islandshop.net,and18,"28 Six Roads, St. Philip, Barbados","^/WP""?[hlB",0i4L5WOZ,1955-03-22,246-352-8421,1544,Female,Premium,Six Roads
Mårlon Prescod,mårlonprescod201@bdsconnect.bb,mår97,"77 Bank Hall, St. Philip, Barbados",+]M3|Sl-b;,Gz2i2sdx,1990-01-01,246-773-6885,1112,Female,Standard,Oistins
Alicia Gittens,aliciagittens641@tridenttreats.bb,ali58,"98 Country Road, St. Philip, Barbados",3(B[w8ry*X,17x1Ajs3,1997-03-05,246-211-2175,1663,Male,Standard,Wildey
Alicia Callender,aliciacallender87@bdsconnect.bb,ali92,"221 Country Road, St. Philip, Barbados",6`:2<x6$2),0CywolBM,1955-10-16,246-442-9220,1275,Female,Staff,Six Roads
Malik Clarke,malikclarke39@islandshop.net,mal57,"149 Silver Sands, St. Philip, Barbados",9_ks~~&J7%,fH4NfpEO,2002-11-22,246-279-9834,1817,Other,Premium,Six Roads
Shanice Jordan,shanicejordan548@caribmail.com,sha70,"132 Bay Street, St. Philip, Barbados","8,~Q1TLLve",S7MVtUYK,1971-01-21,246-684-3770,1586,Male,Staff,Speightstown
Łukasz Best,łukaszbest294@islandshop.net,łuk20,"130 Maxwell Hill, St. Philip, Barbados",jJGq;JJGbo,Ml6LVjQC,1978-03-09,246-441-8944,1185,Other,Standard,Speightstown
Dario Callender,dariocallender610@bdsconnect.bb,dar73,"198 Country Road, St. Philip, Barbados","XE[4}>vA,~",1wdPqW0h,1958-03-15,246-608-8802,1308,Female,Staff,Six Roads
Devin Gittens,devingittens700@islandshop.net,dev70,"38 Deacons Road, St. Philip, Barbados",&3bK5W]O&^,9cg6IOw9,1982-10-21,246-479-6488,1276,Female,Standard,Speightstown
Mårlon Gittens,mårlongittens473@bdsconnect.bb,mår96,"198 Six Roads, St. Philip, Barbados",y%R]_xO)b],a1eaAgHg,1998-08-12,246-424-5641,1257,Male,Standard,Bridgetown
Łukasz Holder,łukaszholder59@bdsconnect.bb,łuk86,"32 St. Philip, St. Philip, Barbados",{pl:qW[?+x,5hSlqsDQ,1959-11-15,246-483-7995,1708,Other,Premium,Speightstown
Andre Holder,andreholder284@caribmail.com,and58,"86 Country Road, St. Philip, Barbados",hHHw4i!z;Y,lPFgjIXB,1968-10-21,246-308-8234,1732,Female,Standard,Bridgetown
Dario Holder,darioholder586@tridenttreats.bb,dar67,"230 Atlantic Shores, St. Philip, Barbados","""t@>ae\XIt",Sv5zKaGT,2004-08-16,246-646-7617,1864,Other,Standard,Six Roads
Devin Best,devinbest394@islandshop.net,dev25,"138 Six Roads, St. Philip, Barbados",TQ^MZh=?lU,I29vf1DW,2004-05-21,246-407-3893,1567,Male,Premium,Oistins
Omar Gittens,omargittens918@caribmail.com,oma90,"92 St. George, St. Philip, Barbados",!k=4yreyd},LpFyeYIP,1974-08-18,246-660-1268,1037,Female,Standard,Speightstown
Shanice Gittens,shanicegittens122@bdsconnect.bb,sha93,"134 St. Philip, St. Philip, Barbados",6]'t-Djes!,PbE66Ncp,1999-11-05,246-214-3822,1647,Male,Premium,Bridgetown
Renée Griffith,renéegriffith856@caribmail.com,ren23,"128 Silver Sands, St. Philip, Barbados",/;Ciz2R]ZP,hRKIiu19,2005-04-25,246-246-3841,1343,Male,Standard,Speightstown
Rashida Harewood,rashidaharewood173@tridenttreats.bb,ras80,"113 Maxwell Hill, St. Philip, Barbados",F-frm=;Wuc,4Ffaal7f,2000-11-19,246-490-7819,1710,Female,Staff,Oistins
Tanya Callender,tanyacallender656@tridenttreats.bb,tan76,"106 Bay Street, St. Philip, Barbados","Ew;_e/x|"";",8fO0YtwA,1955-09-08,246-396-2925,1542,Male,Staff,Speightstown
François Hinds,françoishinds476@bdsconnect.bb,fra45,"50 Atlantic Shores, St. Philip, Barbados","ot^8""wu\fg",PxsnBqvN,2006-08-02,246-306-1859,1947,Other,Standard,Oistins
Marlon Toppin,marlontoppin528@caribmail.com,mar19,"185 Grazettes Main Road, St. Philip, Barbados",4.-P1z]PDo,uogpVA3m,1979-04-03,246-682-8936,1055,Female,Standard,Oistins
Łukasz Prescod,łukaszprescod183@islandshop.net,łuk57,"118 Maxwell Hill, St. Philip, Barbados",}y=TIzQqe_,Kdrih2DD,1981-03-25,246-551-4602,1907,Female,Staff,Oistins
Łukasz Griffith,łukaszgriffith592@bdsconnect.bb,łuk21,"220 Country Road, St. Philip, Barbados",%!B.87Jb~2,V3ppuBLo,1992-03-19,246-205-7844,1045,Male,Premium,Six Roads
Shanice Harewood,shaniceharewood544@islandshop.net,sha71,"211 St. George, St. Philip, Barbados","m5""Ek*b_~0",8niwspPf,1956-08-22,246-512-3650,1720,Female,Staff,Six Roads
Kendra Best  ,kendrabest760@tridenttreats.bb  ,ken41,"36 Grazettes Main Road, St. Philip, Barbados",n](l.2edlB,oGMbJmTP,1999-09-14,246-425-8359,1603,Female,Standard,Oistins
ALICIA JORDAN,ALICIAJORDAN285@BDSCONNECT.BB,ali37,"27 Bank Hall, St. Philip, Barbados",lWmTS:Hf~6,Ih7yfJs1,1995-10-28,246-570-4150,1721,Male,Standard,Oistins
OMAR HOLDER,OMARHOLDER876@BDSCONNECT.BB,oma22,"72 Country Road, St. Philip, Barbados",6>UuVTA\I`,7RPeMOkI,2001-04-06,246-673-7216,1276,Other,Staff,Six Roads
Devin Jordan  ,devinjordan864@caribmail.com  ,dev39,"207 Atlantic Shores, St. Philip, Barbados",OZIiB+|OB@,Fz46PDjq,1963-04-24,246-774-9830,1269,Other,Staff,Wildey
MÅRLON GITTENS,MÅRLONGITTENS371@BDSCONNECT.BB,mår27,"127 Two Mile Hill, St. Philip, Barbados",lgot=u^2/i,yyMDHqJ3,1955-11-24,246-317-9797,1768,Female,Staff,Speightstown
Kendra Browne  ,kendrabrowne446@bdsconnect.bb  ,ken68,"245 Atlantic Shores, St. Philip, Barbados",}}H#w#n=M>,GMmjxWkI,2004-09-01,246-813-6310,1500,Male,Standard,Speightstown
OMAR HINDS,OMARHINDS60@BDSCONNECT.BB,oma82,"22 Silver Sands, St. Philip, Barbados",~!i'qq[8)v,qH3MB9n7,1989-12-23,246-405-6107,1408,Other,Staff,Speightstown
RENÉE PRESCOD,RENÉEPRESCOD124@BDSCONNECT.BB,ren38,"87 Silver Sands, St. Philip, Barbados",c.)D.Caj{=,doe5c3ve,1987-04-09,246-885-8953,1219,Other,Standard,Six Roads
Mårlon Toppin  ,mårlontoppin249@islandshop.net  ,mår62,"25 Grazettes Main Road, St. Philip, Barbados",m[3T207~g],PPgdzUvZ,1961-04-07,246-394-9786,1459,Male,Premium,Oistins
Latoya Prescod  ,latoyaprescod256@caribmail.com  ,lat66,"26 Two Mile Hill, St. Philip, Barbados",g@(blEv0!9,n3z5dkya,1979-05-26,246-665-5673,1433,Other,Staff,Six Roads
ZOË CALLENDER,ZOËCALLENDER195@TRIDENTTREATS.BB,zoë37,"149 Atlantic Shores, St. Philip, Barbados",(hOhg-9#&u,d9Gf2leM,1959-11-28,246-440-7615,1122,Other,Standard,Six Roads
ŁUKASZ CLARKE,ŁUKASZCLARKE635@CARIBMAIL.COM,łuk63,"150 St. Philip, St. Philip, Barbados",+%OHA\|OEH,ziQPtDu7,2003-02-01,246-669-2638,1075,Other,Standard,Six Roads
Latoya Callender  ,latoyacallender956@tridenttreats.bb  ,lat18,"95 Grazettes Main Road, St. Philip, Barbados",Ku4({M;@&b,Q0Jt7Qg8,1963-05-04,246-309-3546,1278,Female,Staff,Oistins
KEISHA FORDE,KEISHAFORDE704@TRIDENTTREATS.BB,kei74,"65 Bay Street, St. Philip, Barbados",gl>2JfaQq>,qkVCJTBJ,1955-02-03,246-352-9938,1036,Female,Staff,Six Roads
RASHIDA HAREWOOD,RASHIDAHAREWOOD131@CARIBMAIL.COM,ras49,"231 Bank Hall, St. Philip, Barbados",fTA^F\nT*0,NVj77p3k,2006-03-14,246-225-3938,1754,Female,Premium,Oistins
LATOYA GRIFFITH,LATOYAGRIFFITH807@CARIBMAIL.COM,lat58,"220 Atlantic Shores, St. Philip, Barbados",8Cz6SNDCd[,mzvr3e9X,1972-06-21,246-721-7548,1695,Other,Premium,Bridgetown
Kendra Alleyne  ,user@@domain.com,ken14,"153 Silver Sands, St. Philip, Barbados","3S~O3:$oX,",mqcTBaH7,2006-09-22,246-886-4228,1372,Female,Standard,Speightstown
Łukasz Jordan  ,łukaszjordan680@caribmail.com  ,łuk48,"80 Two Mile Hill, St. Philip, Barbados",\0PZ`L)qy1,Q8yRV5lN,1991-05-13,246-761-1006,1311,Female,Standard,Wildey
MÅRLON JORDAN,MÅRLONJORDAN477@ISLANDSHOP.NET,mår66,"55 St. Philip, St. Philip, Barbados",$8v[kK$[><,vf08WpRt,1969-04-05,246-225-1757,1250,Female,Staff,Bridgetown
Renée Harewood  ,bad space@domain.com,ren99,"127 Country Road, St. Philip, Barbados",ZFs@_an2Cw,Z9SHDdJp,1962-08-05,246-675-9702,1572,Other,Premium,Wildey
José Springer,joséspringer910@caribmail.com,jos24,"94 Country Road, St. Philip, Barbados",7<fUUw?*{i,JTXnivpI,1962-11-16,246-794-4437,1771,Other,Standard,Speightstown
Malik Alleyne,malikalleyne516@islandshop.net,mal45,"17 Atlantic Shores, St. Philip, Barbados",VS5!#&p8{',R0I5sCNx,2006-11-23,246-267-4085,1913,Female,Standard,Bridgetown
Jamal Griffith,jamalgriffith296@caribmail.com,jam23,"71 Maxwell Hill, St. Philip, Barbados","o`s""tA%=cL",ARI7iEwA,1983-12-21,246-221-5776,1193,Male,Standard,Oistins
José Jordan,joséjordan422@tridenttreats.bb,jos93,"202 St. Philip, St. Philip, Barbados",P!.\`&)46M,Ki5YtkYq,1969-08-12,246-495-1775,1151,Female,Premium,Wildey
Andre Griffith,andregriffith729@tridenttreats.bb,and33,"215 Maxwell Hill, St. Philip, Barbados","{_\tuEofO,",iCqxlnJT,1957-11-11,246-552-3423,1381,Female,Staff,Oistins
François Browne,françoisbrowne125@caribmail.com,fra61,"197 Bay Street, St. Philip, Barbados",s6Ota(#Q?{,sE5s8WKQ,1964-10-24,246-652-6549,1705,Male,Staff,Wildey
Shanice Callender,shanicecallender695@caribmail.com,sha49,"103 Atlantic Shores, St. Philip, Barbados",<C5TlPh:?y,LHoY7Xrm,1956-02-18,246-656-2431,1999,Other,Premium,Oistins
Zoë Jordan,zoëjordan618@caribmail.com,zoë95,"102 Bank Hall, St. Philip, Barbados",s|2VXVbKSS,tC3JfnU4,1983-12-14,246-653-5728,1167,Other,Premium,Wildey
Rashida Holder,rashidaholder148@bdsconnect.bb,ras48,"223 Bay Street, St. Philip, Barbados",&Qi.Wla0>I,AlJDTKW6,1963-04-06,246-590-5742,1567,Female,Standard,Speightstown
Mårlon Browne,mårlonbrowne506@islandshop.net,mår38,"203 Atlantic Shores, St. Philip, Barbados",atHM>>8p@\,5sAlF6SP,1970-01-04,246-483-9078,1993,Male,Staff,Speightstown
Mårlon Toppin,mårlontoppin580@islandshop.net,mår43,"176 St. Philip, St. Philip, Barbados","8_pV$~,cHu",LdjuD4Si,1977-03-02,246-479-6917,1429,Other,Premium,Bridgetown
Omar Browne,omarbrowne543@caribmail.com,oma75,"197 Grazettes Main Road, St. Philip, Barbados",=xm/v(PO^M,rRSSxgIL,1977-03-01,246-340-9489,1288,Female,Premium,Wildey
Keisha Griffith,keishagriffith105@bdsconnect.bb,kei29,"57 Two Mile Hill, St. Philip, Barbados",y*;_&'|)`o,AD6eh0i7,1956-08-12,246-519-6940,1142,Female,Staff,Six Roads
Keisha Griffith,keishagriffith727@tridenttreats.bb,kei13,"209 St. George, St. Philip, Barbados",pCq_s_DNqA,ifBSWYhe,1956-08-25,246-641-1696,1201,Male,Standard,Six Roads
Mårlon Clarke,mårlonclarke481@caribmail.com,mår42,"17 Atlantic Shores, St. Philip, Barbados",M\bmp:A.zx,Qwbfj2V8,1972-10-12,246-560-3630,1875,Other,Staff,Six Roads
Devin Holder,devinholder102@caribmail.com,,,,,,,,,,
Alicia Brathwaite,aliciabrathwaite780@tridenttreats.bb,,,,,,,,,,
Tanya Holder,tanyaholder917@islandshop.net,tan96,"46 Bank Hall, St. Philip, Barbados",b]!]nY4%[],fhjzzSLg,2002-03-03,246-572-4261,1346,Male,Staff,Wildey
Kendra Hinds,kendrahinds859@islandshop.net,ken73,"196 Deacons Road, St. Philip, Barbados",|-.I?ZT8\:,8zFGrjXD,1961-02-09,246-701-9147,1236,Other,Standard,Bridgetown
Kendra Clarke,kendraclarke851@caribmail.com,ken73,"7 St. Philip, St. Philip, Barbados",wW:]PtM<<m,WeQWHXFY,1984-04-10,246-877-9157,1502,Other,Premium,Six Roads
